[{"pk": 1, "model": "players.player", "fields": {"photo": "players/1.jpeg", "user": null, "has_facebook": false, "name": "Lady Gaga", "has_twitter": false}}, {"pk": 2, "model": "players.player", "fields": {"photo": "players/2.jpeg", "user": null, "has_facebook": false, "name": "Justin Bieber", "has_twitter": false}}, {"pk": 3, "model": "players.player", "fields": {"photo": "players/3.jpeg", "user": null, "has_facebook": false, "name": "Kim Kardashian", "has_twitter": false}}, {"pk": 4, "model": "players.player", "fields": {"photo": "players/4.jpeg", "user": null, "has_facebook": false, "name": "Ashton Kutcher", "has_twitter": false}}, {"pk": 5, "model": "players.player", "fields": {"photo": "players/5.jpeg", "user": null, "has_facebook": false, "name": "Barack Obama", "has_twitter": false}}, {"pk": 6, "model": "players.player", "fields": {"photo": "players/6.jpeg", "user": null, "has_facebook": false, "name": "Mitt Romney", "has_twitter": false}}, {"pk": 7, "model": "players.player", "fields": {"photo": "players/7.jpeg", "user": null, "has_facebook": false, "name": "Bill Gates", "has_twitter": false}}, {"pk": 8, "model": "players.player", "fields": {"photo": "players/8.jpeg", "user": null, "has_facebook": false, "name": "Mark Zuckerberg", "has_twitter": false}}, {"pk": 9, "model": "players.player", "fields": {"photo": "players/9.jpeg", "user": null, "has_facebook": false, "name": "Steve Martin", "has_twitter": false}}, {"pk": 10, "model": "players.player", "fields": {"photo": "players/10.jpeg", "user": null, "has_facebook": false, "name": "Stephen Colbert", "has_twitter": false}}, {"pk": 11, "model": "players.player", "fields": {"photo": "players/11.jpeg", "user": null, "has_facebook": false, "name": "Tiger Woods", "has_twitter": false}}, {"pk": 12, "model": "players.player", "fields": {"photo": "players/12.jpeg", "user": null, "has_facebook": false, "name": "Ariana Huffington", "has_twitter": false}}, {"pk": 13, "model": "players.player", "fields": {"photo": "players/13.jpeg", "user": null, "has_facebook": false, "name": "Snoop Dogg", "has_twitter": false}}, {"pk": 14, "model": "players.player", "fields": {"photo": "players/14.jpeg", "user": null, "has_facebook": false, "name": "Conan O'Brien", "has_twitter": false}}, {"pk": 15, "model": "players.player", "fields": {"photo": "players/15.jpeg", "user": null, "has_facebook": false, "name": "Jimmy Fallon", "has_twitter": false}}, {"pk": 16, "model": "players.player", "fields": {"photo": "players/16.jpeg", "user": null, "has_facebook": false, "name": "Charlie Sheen", "has_twitter": false}}, {"pk": 17, "model": "players.player", "fields": {"photo": "players/17.jpeg", "user": null, "has_facebook": false, "name": "Sean Diddy Combs", "has_twitter": false}}, {"pk": 18, "model": "players.player", "fields": {"photo": "players/18.jpeg", "user": null, "has_facebook": false, "name": "Katy Perry", "has_twitter": false}}, {"pk": 19, "model": "players.player", "fields": {"photo": "players/19.jpeg", "user": null, "has_facebook": false, "name": "Rihanna", "has_twitter": false}}, {"pk": 20, "model": "players.player", "fields": {"photo": "players/20.jpeg", "user": null, "has_facebook": false, "name": "Neil deGrasse Tyson", "has_twitter": false}}, {"pk": 21, "model": "players.player", "fields": {"photo": "players/21.jpeg", "user": null, "has_facebook": false, "name": "Oprah Winfrey", "has_twitter": false}}, {"pk": 22, "model": "players.player", "fields": {"photo": "players/22.jpeg", "user": null, "has_facebook": false, "name": "Shaq", "has_twitter": false}}, {"pk": 23, "model": "players.player", "fields": {"photo": "players/23.jpeg", "user": null, "has_facebook": false, "name": "Tom Cruise", "has_twitter": false}}, {"pk": 24, "model": "players.player", "fields": {"photo": "players/24.jpeg", "user": null, "has_facebook": false, "name": "Singly", "has_twitter": false}}, {"pk": 25, "model": "players.player", "fields": {"photo": "players/25.jpeg", "user": null, "has_facebook": false, "name": "Braintree", "has_twitter": false}}, {"pk": 26, "model": "players.player", "fields": {"photo": "players/26.jpeg", "user": null, "has_facebook": false, "name": "Venmo", "has_twitter": false}}, {"pk": 27, "model": "players.player", "fields": {"photo": "players/27.jpeg", "user": null, "has_facebook": false, "name": "Microsoft", "has_twitter": false}}, {"pk": 28, "model": "players.player", "fields": {"photo": "players/28.jpeg", "user": null, "has_facebook": false, "name": "Google", "has_twitter": false}}, {"pk": 29, "model": "players.player", "fields": {"photo": "players/29.jpeg", "user": null, "has_facebook": false, "name": "ATT", "has_twitter": false}}, {"pk": 30, "model": "players.player", "fields": {"photo": "players/30.jpeg", "user": null, "has_facebook": false, "name": "McDonalds", "has_twitter": false}}, {"pk": 31, "model": "players.player", "fields": {"photo": "players/31.jpeg", "user": null, "has_facebook": false, "name": "Wendy's", "has_twitter": false}}, {"pk": 32, "model": "players.player", "fields": {"photo": "players/32.jpeg", "user": null, "has_facebook": false, "name": "Burger King", "has_twitter": false}}, {"pk": 33, "model": "players.player", "fields": {"photo": "players/33.jpeg", "user": null, "has_facebook": false, "name": "Taco Bell", "has_twitter": false}}, {"pk": 34, "model": "players.player", "fields": {"photo": "players/34.jpeg", "user": null, "has_facebook": false, "name": "Coca-Cola", "has_twitter": false}}, {"pk": 35, "model": "players.player", "fields": {"photo": "players/35.jpeg", "user": null, "has_facebook": false, "name": "Pepsi", "has_twitter": false}}, {"pk": 36, "model": "players.player", "fields": {"photo": "players/36.jpeg", "user": null, "has_facebook": false, "name": "Nintendo", "has_twitter": false}}, {"pk": 37, "model": "players.player", "fields": {"photo": "players/37.jpeg", "user": null, "has_facebook": false, "name": "Sony", "has_twitter": false}}, {"pk": 38, "model": "players.player", "fields": {"photo": "players/38.jpeg", "user": null, "has_facebook": false, "name": "The Onion", "has_twitter": false}}, {"pk": 39, "model": "players.player", "fields": {"photo": "players/39.jpeg", "user": null, "has_facebook": false, "name": "Bank Of America", "has_twitter": false}}, {"pk": 40, "model": "players.player", "fields": {"photo": "players/40.jpeg", "user": null, "has_facebook": false, "name": "Citigroup", "has_twitter": false}}, {"pk": 41, "model": "players.player", "fields": {"photo": "players/41.jpeg", "user": null, "has_facebook": false, "name": "Chase", "has_twitter": false}}, {"pk": 42, "model": "players.player", "fields": {"photo": "players/42.jpeg", "user": null, "has_facebook": false, "name": "Comcast", "has_twitter": false}}, {"pk": 43, "model": "players.player", "fields": {"photo": "players/43.jpeg", "user": null, "has_facebook": false, "name": "Ford", "has_twitter": false}}, {"pk": 44, "model": "players.player", "fields": {"photo": "players/44.jpeg", "user": null, "has_facebook": false, "name": "General Motors", "has_twitter": false}}, {"pk": 45, "model": "players.player", "fields": {"photo": "players/45.jpeg", "user": null, "has_facebook": false, "name": "Toyota", "has_twitter": false}}, {"pk": 46, "model": "players.player", "fields": {"photo": "players/46.jpeg", "user": null, "has_facebook": false, "name": "Space X", "has_twitter": false}}, {"pk": 47, "model": "players.player", "fields": {"photo": "players/47.jpeg", "user": null, "has_facebook": false, "name": "Internal Revenue Service", "has_twitter": false}}, {"pk": 1, "model": "players.brandplayer", "fields": {"twitter_handle": "ladygaga", "facebook_name": "ladygaga", "type": 1}}, {"pk": 2, "model": "players.brandplayer", "fields": {"twitter_handle": "justinbieber", "facebook_name": "JustinBieber", "type": 1}}, {"pk": 3, "model": "players.brandplayer", "fields": {"twitter_handle": "KimKardashian", "facebook_name": "KimKardashian", "type": 1}}, {"pk": 4, "model": "players.brandplayer", "fields": {"twitter_handle": "aplusk", "facebook_name": "Ashton", "type": 1}}, {"pk": 5, "model": "players.brandplayer", "fields": {"twitter_handle": "BarackObama", "facebook_name": "barackobama", "type": 1}}, {"pk": 6, "model": "players.brandplayer", "fields": {"twitter_handle": "MittRomney", "facebook_name": "mittromney", "type": 1}}, {"pk": 7, "model": "players.brandplayer", "fields": {"twitter_handle": "BillGates", "facebook_name": "BillGates", "type": 1}}, {"pk": 8, "model": "players.brandplayer", "fields": {"twitter_handle": "finkd", "facebook_name": "zuck", "type": 1}}, {"pk": 9, "model": "players.brandplayer", "fields": {"twitter_handle": "SteveMartinToGo", "facebook_name": "SteveMartinofficial", "type": 1}}, {"pk": 10, "model": "players.brandplayer", "fields": {"twitter_handle": "StephenAtHome", "facebook_name": "thecolbertreport", "type": 1}}, {"pk": 11, "model": "players.brandplayer", "fields": {"twitter_handle": "TigerWoods", "facebook_name": "Tiger", "type": 1}}, {"pk": 12, "model": "players.brandplayer", "fields": {"twitter_handle": "ariannahuff", "facebook_name": "AriannaHuffington", "type": 1}}, {"pk": 13, "model": "players.brandplayer", "fields": {"twitter_handle": "SnoopDogg", "facebook_name": "snoopdogg", "type": 1}}, {"pk": 14, "model": "players.brandplayer", "fields": {"twitter_handle": "ConanOBrien", "facebook_name": "teamcoco", "type": 1}}, {"pk": 15, "model": "players.brandplayer", "fields": {"twitter_handle": "jimmyfallon", "facebook_name": "JimmyFallon", "type": 1}}, {"pk": 16, "model": "players.brandplayer", "fields": {"twitter_handle": "charliesheen", "facebook_name": "CharlieSheen", "type": 1}}, {"pk": 17, "model": "players.brandplayer", "fields": {"twitter_handle": "iamdiddy", "facebook_name": "Diddy", "type": 1}}, {"pk": 18, "model": "players.brandplayer", "fields": {"twitter_handle": "katyperry", "facebook_name": "katyperry", "type": 1}}, {"pk": 19, "model": "players.brandplayer", "fields": {"twitter_handle": "rihanna", "facebook_name": "rihanna", "type": 1}}, {"pk": 20, "model": "players.brandplayer", "fields": {"twitter_handle": "neiltyson", "facebook_name": "neildegrassetyson", "type": 1}}, {"pk": 21, "model": "players.brandplayer", "fields": {"twitter_handle": "Oprah", "facebook_name": "oprahwinfrey", "type": 1}}, {"pk": 22, "model": "players.brandplayer", "fields": {"twitter_handle": "shaq", "facebook_name": "shaqverified", "type": 1}}, {"pk": 23, "model": "players.brandplayer", "fields": {"twitter_handle": "TomCruise", "facebook_name": "officialtomcruise", "type": 1}}, {"pk": 24, "model": "players.brandplayer", "fields": {"twitter_handle": "singly", "facebook_name": "singlyinc", "type": 0}}, {"pk": 25, "model": "players.brandplayer", "fields": {"twitter_handle": "braintree", "facebook_name": "braintreepayments", "type": 0}}, {"pk": 26, "model": "players.brandplayer", "fields": {"twitter_handle": "venmo", "facebook_name": "venmo", "type": 0}}, {"pk": 27, "model": "players.brandplayer", "fields": {"twitter_handle": "microsoft", "facebook_name": "Microsoft", "type": 0}}, {"pk": 28, "model": "players.brandplayer", "fields": {"twitter_handle": "google", "facebook_name": "Google", "type": 0}}, {"pk": 29, "model": "players.brandplayer", "fields": {"twitter_handle": "ATT", "facebook_name": "ATT", "type": 0}}, {"pk": 30, "model": "players.brandplayer", "fields": {"twitter_handle": "McDonalds", "facebook_name": "McDonalds", "type": 0}}, {"pk": 31, "model": "players.brandplayer", "fields": {"twitter_handle": "Wendys", "facebook_name": "wendys", "type": 0}}, {"pk": 32, "model": "players.brandplayer", "fields": {"twitter_handle": "BurgerKing", "facebook_name": "burgerking", "type": 0}}, {"pk": 33, "model": "players.brandplayer", "fields": {"twitter_handle": "TacoBell", "facebook_name": "tacobell", "type": 0}}, {"pk": 34, "model": "players.brandplayer", "fields": {"twitter_handle": "ColaCola", "facebook_name": "cocacola", "type": 0}}, {"pk": 35, "model": "players.brandplayer", "fields": {"twitter_handle": "pepsi", "facebook_name": "pepsi", "type": 0}}, {"pk": 36, "model": "players.brandplayer", "fields": {"twitter_handle": "NintendoAmerica", "facebook_name": "Nintendo", "type": 0}}, {"pk": 37, "model": "players.brandplayer", "fields": {"twitter_handle": "Sony", "facebook_name": "Sony", "type": 0}}, {"pk": 38, "model": "players.brandplayer", "fields": {"twitter_handle": "TheOnion", "facebook_name": "TheOnion", "type": 0}}, {"pk": 39, "model": "players.brandplayer", "fields": {"twitter_handle": "BofA_News", "facebook_name": "BankofAmerica", "type": 0}}, {"pk": 40, "model": "players.brandplayer", "fields": {"twitter_handle": "Citi", "facebook_name": "citibank", "type": 0}}, {"pk": 41, "model": "players.brandplayer", "fields": {"twitter_handle": "ChaseNews", "facebook_name": "ChaseFreedom", "type": 0}}, {"pk": 42, "model": "players.brandplayer", "fields": {"twitter_handle": "comcast", "facebook_name": "xfinity", "type": 0}}, {"pk": 43, "model": "players.brandplayer", "fields": {"twitter_handle": "Ford", "facebook_name": "ford", "type": 0}}, {"pk": 44, "model": "players.brandplayer", "fields": {"twitter_handle": "GM", "facebook_name": "generalmotors", "type": 0}}, {"pk": 45, "model": "players.brandplayer", "fields": {"twitter_handle": "Toyota", "facebook_name": "toyota", "type": 0}}, {"pk": 46, "model": "players.brandplayer", "fields": {"twitter_handle": "SpaceX", "facebook_name": "SpaceX", "type": 0}}, {"pk": 47, "model": "players.brandplayer", "fields": {"twitter_handle": "IRSnews", "facebook_name": "IRS", "type": 0}}, {"pk": 1, "model": "players.brandfacebookdata", "fields": {"date": "2012-09-28", "player": 1, "posts": 0, "likes": 53173065, "talking_about": 924782}}, {"pk": 2, "model": "players.brandfacebookdata", "fields": {"date": "2012-09-28", "player": 2, "posts": 2, "likes": 46547478, "talking_about": 2056787}}, {"pk": 3, "model": "players.brandfacebookdata", "fields": {"date": "2012-09-28", "player": 3, "posts": 5, "likes": 11021366, "talking_about": 645548}}, {"pk": 4, "model": "players.brandfacebookdata", "fields": {"date": "2012-09-28", "player": 4, "posts": 3, "likes": 13197800, "talking_about": 31969}}, {"pk": 5, "model": "players.brandfacebookdata", "fields": {"date": "2012-09-28", "player": 5, "posts": 2, "likes": 29008901, "talking_about": 1466571}}, {"pk": 6, "model": "players.brandfacebookdata", "fields": {"date": "2012-09-28", "player": 6, "posts": 5, "likes": 7671825, "talking_about": 1794035}}, {"pk": 7, "model": "players.brandfacebookdata", "fields": {"date": "2012-09-28", "player": 7, "posts": 0, "likes": 1865720, "talking_about": 80144}}, {"pk": 8, "model": "players.brandfacebookdata", "fields": {"date": "2012-09-28", "player": 8, "posts": 0, "likes": 0, "talking_about": 0}}, {"pk": 9, "model": "players.brandfacebookdata", "fields": {"date": "2012-09-28", "player": 9, "posts": 0, "likes": 263256, "talking_about": 12076}}, {"pk": 10, "model": "players.brandfacebookdata", "fields": {"date": "2012-09-28", "player": 10, "posts": 7, "likes": 2729690, "talking_about": 131877}}, {"pk": 11, "model": "players.brandfacebookdata", "fields": {"date": "2012-09-28", "player": 11, "posts": 0, "likes": 2655773, "talking_about": 6043}}, {"pk": 12, "model": "players.brandfacebookdata", "fields": {"date": "2012-09-28", "player": 12, "posts": 2, "likes": 0, "talking_about": 0}}, {"pk": 13, "model": "players.brandfacebookdata", "fields": {"date": "2012-09-28", "player": 13, "posts": 10, "likes": 20681741, "talking_about": 469384}}, {"pk": 14, "model": "players.brandfacebookdata", "fields": {"date": "2012-09-28", "player": 14, "posts": 1, "likes": 1927906, "talking_about": 60719}}, {"pk": 15, "model": "players.brandfacebookdata", "fields": {"date": "2012-09-28", "player": 15, "posts": 2, "likes": 0, "talking_about": 0}}, {"pk": 16, "model": "players.brandfacebookdata", "fields": {"date": "2012-09-28", "player": 16, "posts": 0, "likes": 3192894, "talking_about": 63451}}, {"pk": 17, "model": "players.brandfacebookdata", "fields": {"date": "2012-09-28", "player": 17, "posts": 0, "likes": 1316350, "talking_about": 32796}}, {"pk": 18, "model": "players.brandfacebookdata", "fields": {"date": "2012-09-28", "player": 18, "posts": 0, "likes": 46300174, "talking_about": 259679}}, {"pk": 19, "model": "players.brandfacebookdata", "fields": {"date": "2012-09-28", "player": 19, "posts": 1, "likes": 60321210, "talking_about": 584856}}, {"pk": 20, "model": "players.brandfacebookdata", "fields": {"date": "2012-09-28", "player": 20, "posts": 0, "likes": 119671, "talking_about": 4005}}, {"pk": 21, "model": "players.brandfacebookdata", "fields": {"date": "2012-09-28", "player": 21, "posts": 1, "likes": 0, "talking_about": 0}}, {"pk": 22, "model": "players.brandfacebookdata", "fields": {"date": "2012-09-28", "player": 22, "posts": 1, "likes": 3155974, "talking_about": 71888}}, {"pk": 23, "model": "players.brandfacebookdata", "fields": {"date": "2012-09-28", "player": 23, "posts": 0, "likes": 2250980, "talking_about": 62085}}, {"pk": 24, "model": "players.brandfacebookdata", "fields": {"date": "2012-09-28", "player": 24, "posts": 0, "likes": 467, "talking_about": 115}}, {"pk": 25, "model": "players.brandfacebookdata", "fields": {"date": "2012-09-28", "player": 25, "posts": 0, "likes": 207, "talking_about": 32}}, {"pk": 26, "model": "players.brandfacebookdata", "fields": {"date": "2012-09-28", "player": 26, "posts": 1, "likes": 4177, "talking_about": 553}}, {"pk": 27, "model": "players.brandfacebookdata", "fields": {"date": "2012-09-28", "player": 27, "posts": 1, "likes": 1979705, "talking_about": 26109}}, {"pk": 28, "model": "players.brandfacebookdata", "fields": {"date": "2012-09-28", "player": 28, "posts": 0, "likes": 10641861, "talking_about": 165837}}, {"pk": 29, "model": "players.brandfacebookdata", "fields": {"date": "2012-09-28", "player": 29, "posts": 1, "likes": 2895015, "talking_about": 75613}}, {"pk": 30, "model": "players.brandfacebookdata", "fields": {"date": "2012-09-28", "player": 30, "posts": 1, "likes": 23010021, "talking_about": 307995}}, {"pk": 31, "model": "players.brandfacebookdata", "fields": {"date": "2012-09-28", "player": 31, "posts": 0, "likes": 2526187, "talking_about": 23041}}, {"pk": 32, "model": "players.brandfacebookdata", "fields": {"date": "2012-09-28", "player": 32, "posts": 1, "likes": 5612863, "talking_about": 91553}}, {"pk": 33, "model": "players.brandfacebookdata", "fields": {"date": "2012-09-28", "player": 33, "posts": 0, "likes": 9282590, "talking_about": 212033}}, {"pk": 34, "model": "players.brandfacebookdata", "fields": {"date": "2012-09-28", "player": 34, "posts": 2, "likes": 51923879, "talking_about": 844769}}, {"pk": 35, "model": "players.brandfacebookdata", "fields": {"date": "2012-09-28", "player": 35, "posts": 1, "likes": 9002039, "talking_about": 88616}}, {"pk": 36, "model": "players.brandfacebookdata", "fields": {"date": "2012-09-28", "player": 36, "posts": 0, "likes": 1901746, "talking_about": 21843}}, {"pk": 37, "model": "players.brandfacebookdata", "fields": {"date": "2012-09-28", "player": 37, "posts": 1, "likes": 3430941, "talking_about": 24505}}, {"pk": 38, "model": "players.brandfacebookdata", "fields": {"date": "2012-09-28", "player": 38, "posts": 6, "likes": 2152953, "talking_about": 84913}}, {"pk": 39, "model": "players.brandfacebookdata", "fields": {"date": "2012-09-28", "player": 39, "posts": 1, "likes": 643985, "talking_about": 8615}}, {"pk": 40, "model": "players.brandfacebookdata", "fields": {"date": "2012-09-28", "player": 40, "posts": 2, "likes": 502286, "talking_about": 67438}}, {"pk": 41, "model": "players.brandfacebookdata", "fields": {"date": "2012-09-28", "player": 41, "posts": 1, "likes": 537576, "talking_about": 2504}}, {"pk": 42, "model": "players.brandfacebookdata", "fields": {"date": "2012-09-28", "player": 42, "posts": 6, "likes": 3089505, "talking_about": 213554}}, {"pk": 43, "model": "players.brandfacebookdata", "fields": {"date": "2012-09-28", "player": 43, "posts": 0, "likes": 1633294, "talking_about": 28138}}, {"pk": 44, "model": "players.brandfacebookdata", "fields": {"date": "2012-09-28", "player": 44, "posts": 0, "likes": 416561, "talking_about": 9299}}, {"pk": 45, "model": "players.brandfacebookdata", "fields": {"date": "2012-09-28", "player": 45, "posts": 2, "likes": 1159056, "talking_about": 10076}}, {"pk": 46, "model": "players.brandfacebookdata", "fields": {"date": "2012-09-28", "player": 46, "posts": 2, "likes": 181276, "talking_about": 7300}}, {"pk": 47, "model": "players.brandfacebookdata", "fields": {"date": "2012-09-28", "player": 47, "posts": 0, "likes": 6629, "talking_about": 108}}, {"pk": 48, "model": "players.brandfacebookdata", "fields": {"date": "2012-09-29", "player": 1, "posts": 7, "likes": 53174974, "talking_about": 924782}}, {"pk": 49, "model": "players.brandfacebookdata", "fields": {"date": "2012-09-29", "player": 2, "posts": 4, "likes": 46549021, "talking_about": 2056787}}, {"pk": 50, "model": "players.brandfacebookdata", "fields": {"date": "2012-09-29", "player": 3, "posts": 10, "likes": 11021198, "talking_about": 645548}}, {"pk": 51, "model": "players.brandfacebookdata", "fields": {"date": "2012-09-29", "player": 4, "posts": 3, "likes": 13198161, "talking_about": 31969}}, {"pk": 52, "model": "players.brandfacebookdata", "fields": {"date": "2012-09-29", "player": 5, "posts": 5, "likes": 29006927, "talking_about": 1466571}}, {"pk": 53, "model": "players.brandfacebookdata", "fields": {"date": "2012-09-29", "player": 6, "posts": 8, "likes": 7666079, "talking_about": 1794035}}, {"pk": 54, "model": "players.brandfacebookdata", "fields": {"date": "2012-09-29", "player": 7, "posts": 1, "likes": 1865436, "talking_about": 80144}}, {"pk": 55, "model": "players.brandfacebookdata", "fields": {"date": "2012-09-29", "player": 8, "posts": 1, "likes": 0, "talking_about": 0}}, {"pk": 56, "model": "players.brandfacebookdata", "fields": {"date": "2012-09-29", "player": 9, "posts": 0, "likes": 263228, "talking_about": 12076}}, {"pk": 57, "model": "players.brandfacebookdata", "fields": {"date": "2012-09-29", "player": 10, "posts": 13, "likes": 2730593, "talking_about": 131877}}, {"pk": 58, "model": "players.brandfacebookdata", "fields": {"date": "2012-09-29", "player": 11, "posts": 0, "likes": 2655774, "talking_about": 6043}}, {"pk": 59, "model": "players.brandfacebookdata", "fields": {"date": "2012-09-29", "player": 12, "posts": 4, "likes": 0, "talking_about": 0}}, {"pk": 60, "model": "players.brandfacebookdata", "fields": {"date": "2012-09-29", "player": 13, "posts": 15, "likes": 20682556, "talking_about": 469384}}, {"pk": 61, "model": "players.brandfacebookdata", "fields": {"date": "2012-09-29", "player": 14, "posts": 11, "likes": 1927843, "talking_about": 60719}}, {"pk": 62, "model": "players.brandfacebookdata", "fields": {"date": "2012-09-29", "player": 15, "posts": 4, "likes": 0, "talking_about": 0}}, {"pk": 63, "model": "players.brandfacebookdata", "fields": {"date": "2012-09-29", "player": 16, "posts": 0, "likes": 3192660, "talking_about": 63451}}, {"pk": 64, "model": "players.brandfacebookdata", "fields": {"date": "2012-09-29", "player": 17, "posts": 0, "likes": 1316320, "talking_about": 32796}}, {"pk": 65, "model": "players.brandfacebookdata", "fields": {"date": "2012-09-29", "player": 18, "posts": 0, "likes": 46301161, "talking_about": 259679}}, {"pk": 66, "model": "players.brandfacebookdata", "fields": {"date": "2012-09-29", "player": 19, "posts": 4, "likes": 60323338, "talking_about": 584856}}, {"pk": 67, "model": "players.brandfacebookdata", "fields": {"date": "2012-09-29", "player": 20, "posts": 0, "likes": 119657, "talking_about": 3555}}, {"pk": 68, "model": "players.brandfacebookdata", "fields": {"date": "2012-09-29", "player": 21, "posts": 1, "likes": 0, "talking_about": 0}}, {"pk": 69, "model": "players.brandfacebookdata", "fields": {"date": "2012-09-29", "player": 22, "posts": 4, "likes": 3155904, "talking_about": 52124}}, {"pk": 70, "model": "players.brandfacebookdata", "fields": {"date": "2012-09-29", "player": 23, "posts": 3, "likes": 2250869, "talking_about": 53556}}, {"pk": 71, "model": "players.brandfacebookdata", "fields": {"date": "2012-09-29", "player": 24, "posts": 0, "likes": 467, "talking_about": 115}}, {"pk": 72, "model": "players.brandfacebookdata", "fields": {"date": "2012-09-29", "player": 25, "posts": 0, "likes": 207, "talking_about": 32}}, {"pk": 73, "model": "players.brandfacebookdata", "fields": {"date": "2012-09-29", "player": 26, "posts": 3, "likes": 4180, "talking_about": 573}}, {"pk": 74, "model": "players.brandfacebookdata", "fields": {"date": "2012-09-29", "player": 27, "posts": 4, "likes": 1979669, "talking_about": 32387}}, {"pk": 75, "model": "players.brandfacebookdata", "fields": {"date": "2012-09-29", "player": 28, "posts": 1, "likes": 10641617, "talking_about": 188005}}, {"pk": 76, "model": "players.brandfacebookdata", "fields": {"date": "2012-09-29", "player": 29, "posts": 4, "likes": 2894767, "talking_about": 72980}}, {"pk": 77, "model": "players.brandfacebookdata", "fields": {"date": "2012-09-29", "player": 30, "posts": 1, "likes": 23042278, "talking_about": 287901}}, {"pk": 78, "model": "players.brandfacebookdata", "fields": {"date": "2012-09-29", "player": 31, "posts": 2, "likes": 2526155, "talking_about": 20441}}, {"pk": 79, "model": "players.brandfacebookdata", "fields": {"date": "2012-09-29", "player": 32, "posts": 2, "likes": 5612728, "talking_about": 91553}}, {"pk": 80, "model": "players.brandfacebookdata", "fields": {"date": "2012-09-29", "player": 33, "posts": 2, "likes": 9281835, "talking_about": 215676}}, {"pk": 81, "model": "players.brandfacebookdata", "fields": {"date": "2012-09-29", "player": 34, "posts": 5, "likes": 51922145, "talking_about": 817358}}, {"pk": 82, "model": "players.brandfacebookdata", "fields": {"date": "2012-09-29", "player": 35, "posts": 3, "likes": 9001971, "talking_about": 88616}}, {"pk": 83, "model": "players.brandfacebookdata", "fields": {"date": "2012-09-29", "player": 36, "posts": 0, "likes": 1901666, "talking_about": 21571}}, {"pk": 84, "model": "players.brandfacebookdata", "fields": {"date": "2012-09-29", "player": 37, "posts": 4, "likes": 3430935, "talking_about": 25753}}, {"pk": 85, "model": "players.brandfacebookdata", "fields": {"date": "2012-09-29", "player": 38, "posts": 21, "likes": 2152911, "talking_about": 77542}}, {"pk": 86, "model": "players.brandfacebookdata", "fields": {"date": "2012-09-29", "player": 39, "posts": 4, "likes": 643986, "talking_about": 8193}}, {"pk": 87, "model": "players.brandfacebookdata", "fields": {"date": "2012-09-29", "player": 40, "posts": 6, "likes": 501712, "talking_about": 67438}}, {"pk": 88, "model": "players.brandfacebookdata", "fields": {"date": "2012-09-29", "player": 41, "posts": 2, "likes": 537569, "talking_about": 2504}}, {"pk": 89, "model": "players.brandfacebookdata", "fields": {"date": "2012-09-29", "player": 42, "posts": 15, "likes": 3088869, "talking_about": 270426}}, {"pk": 90, "model": "players.brandfacebookdata", "fields": {"date": "2012-09-29", "player": 43, "posts": 4, "likes": 1633251, "talking_about": 25984}}, {"pk": 91, "model": "players.brandfacebookdata", "fields": {"date": "2012-09-29", "player": 44, "posts": 1, "likes": 416553, "talking_about": 9299}}, {"pk": 92, "model": "players.brandfacebookdata", "fields": {"date": "2012-09-29", "player": 45, "posts": 5, "likes": 1159055, "talking_about": 10085}}, {"pk": 93, "model": "players.brandfacebookdata", "fields": {"date": "2012-09-29", "player": 46, "posts": 3, "likes": 181267, "talking_about": 13922}}, {"pk": 94, "model": "players.brandfacebookdata", "fields": {"date": "2012-09-29", "player": 47, "posts": 0, "likes": 6628, "talking_about": 116}}, {"pk": 1, "model": "players.brandtwitterdata", "fields": {"date": "2012-09-28", "player": 1, "followers": 29873122, "statuses": 1975}}, {"pk": 2, "model": "players.brandtwitterdata", "fields": {"date": "2012-09-28", "player": 2, "followers": 28412462, "statuses": 18587}}, {"pk": 3, "model": "players.brandtwitterdata", "fields": {"date": "2012-09-28", "player": 3, "followers": 16235570, "statuses": 13176}}, {"pk": 4, "model": "players.brandtwitterdata", "fields": {"date": "2012-09-28", "player": 4, "followers": 12534064, "statuses": 7710}}, {"pk": 5, "model": "players.brandtwitterdata", "fields": {"date": "2012-09-28", "player": 5, "followers": 20296858, "statuses": 6410}}, {"pk": 6, "model": "players.brandtwitterdata", "fields": {"date": "2012-09-28", "player": 6, "followers": 1202943, "statuses": 1188}}, {"pk": 7, "model": "players.brandtwitterdata", "fields": {"date": "2012-09-28", "player": 7, "followers": 8389194, "statuses": 605}}, {"pk": 8, "model": "players.brandtwitterdata", "fields": {"date": "2012-09-28", "player": 8, "followers": 185591, "statuses": 19}}, {"pk": 9, "model": "players.brandtwitterdata", "fields": {"date": "2012-09-28", "player": 9, "followers": 3171891, "statuses": 3677}}, {"pk": 10, "model": "players.brandtwitterdata", "fields": {"date": "2012-09-28", "player": 10, "followers": 3946041, "statuses": 2382}}, {"pk": 11, "model": "players.brandtwitterdata", "fields": {"date": "2012-09-28", "player": 11, "followers": 2653600, "statuses": 263}}, {"pk": 12, "model": "players.brandtwitterdata", "fields": {"date": "2012-09-28", "player": 12, "followers": 1019727, "statuses": 9195}}, {"pk": 13, "model": "players.brandtwitterdata", "fields": {"date": "2012-09-28", "player": 13, "followers": 10050859, "statuses": 11746}}, {"pk": 14, "model": "players.brandtwitterdata", "fields": {"date": "2012-09-28", "player": 14, "followers": 6753138, "statuses": 1020}}, {"pk": 15, "model": "players.brandtwitterdata", "fields": {"date": "2012-09-28", "player": 15, "followers": 6551164, "statuses": 5286}}, {"pk": 16, "model": "players.brandtwitterdata", "fields": {"date": "2012-09-28", "player": 16, "followers": 8135670, "statuses": 1269}}, {"pk": 17, "model": "players.brandtwitterdata", "fields": {"date": "2012-09-28", "player": 17, "followers": 8784016, "statuses": 21439}}, {"pk": 18, "model": "players.brandtwitterdata", "fields": {"date": "2012-09-28", "player": 18, "followers": 27145989, "statuses": 4389}}, {"pk": 19, "model": "players.brandtwitterdata", "fields": {"date": "2012-09-28", "player": 19, "followers": 26059196, "statuses": 6631}}, {"pk": 20, "model": "players.brandtwitterdata", "fields": {"date": "2012-09-28", "player": 20, "followers": 722810, "statuses": 2864}}, {"pk": 21, "model": "players.brandtwitterdata", "fields": {"date": "2012-09-28", "player": 21, "followers": 14065668, "statuses": 4325}}, {"pk": 22, "model": "players.brandtwitterdata", "fields": {"date": "2012-09-28", "player": 22, "followers": 6296608, "statuses": 4842}}, {"pk": 23, "model": "players.brandtwitterdata", "fields": {"date": "2012-09-28", "player": 23, "followers": 3406258, "statuses": 6237}}, {"pk": 24, "model": "players.brandtwitterdata", "fields": {"date": "2012-09-28", "player": 24, "followers": 2231, "statuses": 762}}, {"pk": 25, "model": "players.brandtwitterdata", "fields": {"date": "2012-09-28", "player": 25, "followers": 2218, "statuses": 1596}}, {"pk": 26, "model": "players.brandtwitterdata", "fields": {"date": "2012-09-28", "player": 26, "followers": 5268, "statuses": 2970}}, {"pk": 27, "model": "players.brandtwitterdata", "fields": {"date": "2012-09-28", "player": 27, "followers": 302531, "statuses": 3157}}, {"pk": 28, "model": "players.brandtwitterdata", "fields": {"date": "2012-09-28", "player": 28, "followers": 5284847, "statuses": 3736}}, {"pk": 29, "model": "players.brandtwitterdata", "fields": {"date": "2012-09-28", "player": 29, "followers": 160596, "statuses": 7900}}, {"pk": 30, "model": "players.brandtwitterdata", "fields": {"date": "2012-09-28", "player": 30, "followers": 685523, "statuses": 8557}}, {"pk": 31, "model": "players.brandtwitterdata", "fields": {"date": "2012-09-28", "player": 31, "followers": 124300, "statuses": 14937}}, {"pk": 32, "model": "players.brandtwitterdata", "fields": {"date": "2012-09-28", "player": 32, "followers": 67275, "statuses": 1074}}, {"pk": 33, "model": "players.brandtwitterdata", "fields": {"date": "2012-09-28", "player": 33, "followers": 261249, "statuses": 15745}}, {"pk": 34, "model": "players.brandtwitterdata", "fields": {"date": "2012-09-28", "player": 34, "followers": 3, "statuses": 41}}, {"pk": 35, "model": "players.brandtwitterdata", "fields": {"date": "2012-09-28", "player": 35, "followers": 1044503, "statuses": 18496}}, {"pk": 36, "model": "players.brandtwitterdata", "fields": {"date": "2012-09-28", "player": 36, "followers": 286275, "statuses": 3478}}, {"pk": 37, "model": "players.brandtwitterdata", "fields": {"date": "2012-09-28", "player": 37, "followers": 227421, "statuses": 6703}}, {"pk": 38, "model": "players.brandtwitterdata", "fields": {"date": "2012-09-28", "player": 38, "followers": 4178116, "statuses": 15040}}, {"pk": 39, "model": "players.brandtwitterdata", "fields": {"date": "2012-09-28", "player": 39, "followers": 51716, "statuses": 647}}, {"pk": 40, "model": "players.brandtwitterdata", "fields": {"date": "2012-09-28", "player": 40, "followers": 83261, "statuses": 5496}}, {"pk": 41, "model": "players.brandtwitterdata", "fields": {"date": "2012-09-28", "player": 41, "followers": 4393, "statuses": 1537}}, {"pk": 42, "model": "players.brandtwitterdata", "fields": {"date": "2012-09-28", "player": 42, "followers": 15539, "statuses": 294}}, {"pk": 43, "model": "players.brandtwitterdata", "fields": {"date": "2012-09-28", "player": 43, "followers": 156733, "statuses": 9774}}, {"pk": 44, "model": "players.brandtwitterdata", "fields": {"date": "2012-09-28", "player": 44, "followers": 68563, "statuses": 7840}}, {"pk": 45, "model": "players.brandtwitterdata", "fields": {"date": "2012-09-28", "player": 45, "followers": 103022, "statuses": 3860}}, {"pk": 46, "model": "players.brandtwitterdata", "fields": {"date": "2012-09-28", "player": 46, "followers": 106614, "statuses": 1713}}, {"pk": 47, "model": "players.brandtwitterdata", "fields": {"date": "2012-09-28", "player": 47, "followers": 28076, "statuses": 1992}}]